.base,variable,n_total,n_validos,n_missing,pct_missing,media,sd,min,p25,mediana,p75,max,grupo,variable_label
Test,MED_VALOR_,10286,10286,0,0,1484557872.3021584,10305061943.95591,4757000,50539000,193127000,384728000,230722645000,Datos Abiertos Bogotá,Mediana valor referencia
Test,NO_PREDIOS,10286,10286,0,0,358.5762201049971,300.2048624365909,1,159,294,457,1961,Datos Abiertos Bogotá,Número de predios
Test,Numero_banos,10286,10286,0,0,2.724285436515652,0.8788872122949978,1,2,3,3,10,Características estructurales,Número de baños
Test,Numero_bedrooms,10286,10286,0,0,2.380906085942057,0.961262839953188,0,2,2,3,11,Características estructurales,Número de habitaciones
Test,Numero_rooms,10286,6525,3761,36.564262103830444,2.4006130268199235,0.9238973864729587,1,2,2,3,11,Características estructurales,Número de cuartos
Test,V_REF,10286,10286,0,0,5903610.566498153,1880835.6443150106,0,5400000,6100000,6500000,13290000,Datos Abiertos Bogotá,Valor de referencia
Test,dist_aeropuerto,10286,10286,0,0,8399.856235103292,642.0052876764312,2702.936743900808,7829.454360719233,8552.064010440852,8925.437127193945,12914.67058970222,OSM: distancias y conteos,Distancia a aeropuerto
Test,dist_cai,10286,10286,0,0,428.8211784887707,208.93506277843792,4.685281966443745,266.0037475648418,424.5203461881191,583.960901172147,1687.595737494936,OSM: distancias y conteos,Distancia a CAI / policía
Test,dist_centro,10286,10286,0,0,5546.56391883496,1436.0693563225404,1.553864475179234,4321.657524376077,5297.079894866714,6613.921125742003,13700.05137957145,OSM: distancias y conteos,Distancia al centro
Test,dist_hospital,10286,10286,0,0,612.7953803456693,313.758229782505,2.051203027425473,362.62243067355064,610.8338437797506,789.4184307832181,3145.979469390704,OSM: distancias y conteos,Distancia a hospital
Test,dist_parque,10286,10286,0,0,125.64676616337574,95.11731397305998,0.5020445872913115,55.5040698452696,106.22165387525746,173.348799966811,1225.423610140209,OSM: distancias y conteos,Distancia a parque
Test,dist_transmilenio,10286,10286,0,0,1434.3610345223374,525.2578283004754,11.39735118151753,1051.521484138977,1472.946271092866,1858.708644081411,5328.059193060047,OSM: distancias y conteos,Distancia a estación de transporte
Test,n_colegios_1km,10286,10286,0,0,2.0825393739062803,2.530108901246852,0,0,1,3,14,OSM: distancias y conteos,Colegios en 1 km
Test,n_estaciones_1km,10286,10286,0,0,4.991347462570484,11.721729942144824,0,0,0,0,61,OSM: distancias y conteos,Estaciones en 1 km
Test,n_supermercados_1km,10286,10286,0,0,12.16449543068248,6.000483481827243,0,8,13,15,39,OSM: distancias y conteos,Supermercados en 1 km
Test,n_tiendas_1km,10286,10286,0,0,469.5765117635621,343.5495506567647,0,245,345,635,1834,OSM: distancias y conteos,Tiendas en 1 km
Test,seguridad,10286,10286,0,0,2.364378767256465,0.7644449742464994,0,2,2,3,4,Datos Abiertos Bogotá,Seguridad
Test,superficie,10286,5388,4898,47.618121718841145,152.6546028210839,1483.6018514833638,10,77,118,162,108800,Características estructurales,Superficie
Train,MED_VALOR_,38644,38644,0,0,7974407333.3376465,97003585413.25443,5957000,51383000,194220000,324878500,1783314846000,Datos Abiertos Bogotá,Mediana valor referencia
Train,NO_PREDIOS,38644,38644,0,0,455.2642324811096,632.3033727842828,1,57,236,571,5785,Datos Abiertos Bogotá,Número de predios
Train,Numero_banos,38644,38644,0,0,2.865270158368699,0.9877530615182577,1,2,3,3,13,Características estructurales,Número de baños
Train,Numero_bedrooms,38644,38644,0,0,3.1446020080736985,1.5348175904035068,0,2,3,3,11,Características estructurales,Número de habitaciones
Train,Numero_rooms,38644,24147,14497,37.514232481109616,3.022197374415041,1.339560199348287,1,2,3,3,11,Características estructurales,Número de cuartos
Train,V_REF,38644,38644,0,0,3621313.891859021,1458909.7709480638,0,2700000,3350000,4700000,23240000,Datos Abiertos Bogotá,Valor de referencia
Train,dist_aeropuerto,38644,38644,0,0,7881.423150956691,2329.586033882439,9.741046805979533,6830.645652609548,8450.71039451078,9541.833124424924,13357.40082773698,OSM: distancias y conteos,Distancia a aeropuerto
Train,dist_cai,38644,38644,0,0,718.6820186478567,367.60011229416534,1.53609135825964,432.28717179404975,680.3024181973116,967.5197034502893,2174.632133973295,OSM: distancias y conteos,Distancia a CAI / policía
Train,dist_centro,38644,38644,0,0,5117.566769000128,3175.43010723641,1.553864475179234,3189.830018094971,4163.352706746361,5776.524433428205,18128.37163414542,OSM: distancias y conteos,Distancia al centro
Train,dist_hospital,38644,38644,0,0,700.4206386117374,498.23017621156225,0.6130199702686047,329.043747505515,572.4145629673635,938.5100711659471,3549.316227595823,OSM: distancias y conteos,Distancia a hospital
Train,dist_parque,38644,38644,0,0,113.45543203811619,89.53339199592067,0.7255132750810639,48.55186140334919,91.44486883908704,154.39489177366505,2897.318429276488,OSM: distancias y conteos,Distancia a parque
Train,dist_transmilenio,38644,38644,0,0,2221.4336846393703,1367.268814394745,3.707808889926096,1084.951193749167,1943.838014460845,3269.757181843542,8657.660769551827,OSM: distancias y conteos,Distancia a estación de transporte
Train,n_colegios_1km,38644,38644,0,0,1.8458492909636683,2.2113019890954457,0,1,1,2,15,OSM: distancias y conteos,Colegios en 1 km
Train,n_estaciones_1km,38644,38644,0,0,2.400553772901356,7.886310843336732,0,0,0,0,66,OSM: distancias y conteos,Estaciones en 1 km
Train,n_supermercados_1km,38644,38644,0,0,12.12410723527585,6.49046601966982,0,7,12,16,62,OSM: distancias y conteos,Supermercados en 1 km
Train,n_tiendas_1km,38644,38644,0,0,450.8757892557706,244.54738018935745,0,287,415,564.25,1858,OSM: distancias y conteos,Tiendas en 1 km
Train,seguridad,38644,38644,0,0,2.482714004761412,0.6869087411308314,0,2,3,3,4,Datos Abiertos Bogotá,Seguridad
Train,superficie,38644,19346,19298,49.937894627885306,147.30306006409594,202.64187588177876,2,80,110,170,17137,Características estructurales,Superficie
